Month,Day,Fajr Athan,Fajr Iqama,Sunrise,Dhuhr Athan,Dhuhr Iqama,Asr Athan,Asr Iqama,Maghrib Athan,Maghrib Iqama,Isha Athan,Isha Iqama,,Prayer,Iqama Offset (minutes),,Jumuah,Starts,Ends
1,1,4:25 AM,4:30 AM,4:45 PM,7:17 PM,8:40 PM,4:45 PM,5:00 PM,7:17 PM,7:17 PM,8:40 PM,8:40 PM,,Fajr,20,,1st Jumuah,1:00 PM,1:30 PM
1,2,4:25 AM,4:30 AM,4:45 PM,7:17 PM,8:40 PM,4:45 PM,5:00 PM,7:17 PM,7:17 PM,8:40 PM,8:40 PM,,Dhuhr,10,,2nd Jumuah,2:00 PM,2:30 PM
1,3,4:25 AM,4:30 AM,4:45 PM,7:17 PM,8:40 PM,4:45 PM,5:00 PM,7:17 PM,7:17 PM,8:40 PM,8:40 PM,,Asr,,,3rd Jumuah,3:00 PM,3:30 PM
1,4,4:25 AM,4:30 AM,4:45 PM,7:17 PM,8:40 PM,4:45 PM,5:00 PM,7:17 PM,7:17 PM,8:40 PM,8:40 PM,,Maghrib,5,,,,
1,5,4:25 AM,4:30 AM,4:45 PM,7:17 PM,8:40 PM,4:45 PM,5:00 PM,7:17 PM,7:17 PM,8:40 PM,8:40 PM,,Isha,,,,,
1,6,4:25 AM,4:30 AM,4:45 PM,7:17 PM,8:40 PM,4:45 PM,5:00 PM,7:17 PM,7:17 PM,8:40 PM,8:40 PM,,,,,,,
1,7,4:25 AM,4:30 AM,4:45 PM,7:17 PM,8:40 PM,4:45 PM,5:00 PM,7:17 PM,7:17 PM,8:40 PM,8:40 PM,,,,,,,
1,8,4:25 AM,4:30 AM,4:45 PM,7:17 PM,8:40 PM,4:45 PM,5:00 PM,7:17 PM,7:17 PM,8:40 PM,8:40 PM,,,,,,,
1,9,4:25 AM,4:30 AM,4:45 PM,7:17 PM,8:40 PM,4:45 PM,5:00 PM,7:17 PM,7:17 PM,8:40 PM,8:40 PM,,,,,,,
1,10,4:25 AM,4:30 AM,4:45 PM,7:17 PM,8:40 PM,4:45 PM,5:00 PM,7:17 PM,7:17 PM,8:40 PM,8:40 PM,,,,,,,
1,11,4:25 AM,4:30 AM,4:45 PM,7:17 PM,8:40 PM,4:45 PM,5:00 PM,7:17 PM,7:17 PM,8:40 PM,8:40 PM,,,,,,,
1,12,4:25 AM,4:30 AM,4:45 PM,7:17 PM,8:40 PM,4:45 PM,5:00 PM,7:17 PM,7:17 PM,8:40 PM,8:40 PM,,,,,,,
1,13,4:25 AM,4:30 AM,4:45 PM,7:17 PM,8:40 PM,4:45 PM,5:00 PM,7:17 PM,7:17 PM,8:40 PM,8:40 PM,,,,,,,
1,14,4:25 AM,4:30 AM,4:45 PM,7:17 PM,8:40 PM,4:45 PM,5:00 PM,7:17 PM,7:17 PM,8:40 PM,8:40 PM,,,,,,,
1,15,4:25 AM,4:30 AM,4:45 PM,7:17 PM,8:40 PM,4:45 PM,5:00 PM,7:17 PM,7:17 PM,8:40 PM,8:40 PM,,,,,,,
1,16,4:25 AM,4:30 AM,4:45 PM,7:17 PM,8:40 PM,4:45 PM,5:00 PM,7:17 PM,7:17 PM,8:40 PM,8:40 PM,,,,,,,
1,17,4:25 AM,4:30 AM,4:45 PM,7:17 PM,8:40 PM,4:45 PM,5:00 PM,7:17 PM,7:17 PM,8:40 PM,8:40 PM,,,,,,,
1,18,4:25 AM,4:30 AM,4:45 PM,7:17 PM,8:40 PM,4:45 PM,5:00 PM,7:17 PM,7:17 PM,8:40 PM,8:40 PM,,,,,,,
1,19,4:25 AM,4:30 AM,4:45 PM,7:17 PM,8:40 PM,4:45 PM,5:00 PM,7:17 PM,7:17 PM,8:40 PM,8:40 PM,,,,,,,
1,20,4:25 AM,4:30 AM,4:45 PM,7:17 PM,8:40 PM,4:45 PM,5:00 PM,7:17 PM,7:17 PM,8:40 PM,8:40 PM,,,,,,,
1,21,4:25 AM,4:30 AM,4:45 PM,7:17 PM,8:40 PM,4:45 PM,5:00 PM,7:17 PM,7:17 PM,8:40 PM,8:40 PM,,,,,,,
1,22,4:25 AM,4:30 AM,4:45 PM,7:17 PM,8:40 PM,4:45 PM,5:00 PM,7:17 PM,7:17 PM,8:40 PM,8:40 PM,,,,,,,
1,23,4:25 AM,4:30 AM,4:45 PM,7:17 PM,8:40 PM,4:45 PM,5:00 PM,7:17 PM,7:17 PM,8:40 PM,8:40 PM,,,,,,,
1,24,4:25 AM,4:30 AM,4:45 PM,7:17 PM,8:40 PM,4:45 PM,5:00 PM,7:17 PM,7:17 PM,8:40 PM,8:40 PM,,,,,,,
1,25,4:25 AM,4:30 AM,4:45 PM,7:17 PM,8:40 PM,4:45 PM,5:00 PM,7:17 PM,7:17 PM,8:40 PM,8:40 PM,,,,,,,
1,26,4:25 AM,4:30 AM,4:45 PM,7:17 PM,8:40 PM,4:45 PM,5:00 PM,7:17 PM,7:17 PM,8:40 PM,8:40 PM,,,,,,,
1,27,4:25 AM,4:30 AM,4:45 PM,7:17 PM,8:40 PM,4:45 PM,5:00 PM,7:17 PM,7:17 PM,8:40 PM,8:40 PM,,,,,,,
1,28,4:25 AM,4:30 AM,4:45 PM,7:17 PM,8:40 PM,4:45 PM,5:00 PM,7:17 PM,7:17 PM,8:40 PM,8:40 PM,,,,,,,
1,29,4:25 AM,4:30 AM,4:45 PM,7:17 PM,8:40 PM,4:45 PM,5:00 PM,7:17 PM,7:17 PM,8:40 PM,8:40 PM,,,,,,,
1,30,4:25 AM,4:30 AM,4:45 PM,7:17 PM,8:40 PM,4:45 PM,5:00 PM,7:17 PM,7:17 PM,8:40 PM,8:40 PM,,,,,,,
1,31,4:25 AM,4:30 AM,4:45 PM,7:17 PM,8:40 PM,4:45 PM,5:00 PM,7:17 PM,7:17 PM,8:40 PM,8:40 PM,,,,,,,
2,1,4:25 AM,4:30 AM,4:45 PM,7:17 PM,8:40 PM,4:45 PM,5:00 PM,7:17 PM,7:17 PM,8:40 PM,8:40 PM,,,,,,,
2,2,4:25 AM,4:30 AM,4:45 PM,7:17 PM,8:40 PM,4:45 PM,5:00 PM,7:17 PM,7:17 PM,8:40 PM,8:40 PM,,,,,,,
2,3,4:25 AM,4:30 AM,4:45 PM,7:17 PM,8:40 PM,4:45 PM,5:00 PM,7:17 PM,7:17 PM,8:40 PM,8:40 PM,,,,,,,
2,4,4:25 AM,4:30 AM,4:45 PM,7:17 PM,8:40 PM,4:45 PM,5:00 PM,7:17 PM,7:17 PM,8:40 PM,8:40 PM,,,,,,,
2,5,4:25 AM,4:30 AM,4:45 PM,7:17 PM,8:40 PM,4:45 PM,5:00 PM,7:17 PM,7:17 PM,8:40 PM,8:40 PM,,,,,,,
2,6,4:25 AM,4:30 AM,4:45 PM,7:17 PM,8:40 PM,4:45 PM,5:00 PM,7:17 PM,7:17 PM,8:40 PM,8:40 PM,,,,,,,
2,7,4:25 AM,4:30 AM,4:45 PM,7:17 PM,8:40 PM,4:45 PM,5:00 PM,7:17 PM,7:17 PM,8:40 PM,8:40 PM,,,,,,,
2,8,4:25 AM,4:30 AM,4:45 PM,7:17 PM,8:40 PM,4:45 PM,5:00 PM,7:17 PM,7:17 PM,8:40 PM,8:40 PM,,,,,,,
2,9,4:25 AM,4:30 AM,4:45 PM,7:17 PM,8:40 PM,4:45 PM,5:00 PM,7:17 PM,7:17 PM,8:40 PM,8:40 PM,,,,,,,
2,10,4:25 AM,4:30 AM,4:45 PM,7:17 PM,8:40 PM,4:45 PM,5:00 PM,7:17 PM,7:17 PM,8:40 PM,8:40 PM,,,,,,,
2,11,4:25 AM,4:30 AM,4:45 PM,7:17 PM,8:40 PM,4:45 PM,5:00 PM,7:17 PM,7:17 PM,8:40 PM,8:40 PM,,,,,,,
2,12,4:25 AM,4:30 AM,4:45 PM,7:17 PM,8:40 PM,4:45 PM,5:00 PM,7:17 PM,7:17 PM,8:40 PM,8:40 PM,,,,,,,
2,13,4:25 AM,4:30 AM,4:45 PM,7:17 PM,8:40 PM,4:45 PM,5:00 PM,7:17 PM,7:17 PM,8:40 PM,8:40 PM,,,,,,,
2,14,4:25 AM,4:30 AM,4:45 PM,7:17 PM,8:40 PM,4:45 PM,5:00 PM,7:17 PM,7:17 PM,8:40 PM,8:40 PM,,,,,,,
2,15,4:25 AM,4:30 AM,4:45 PM,7:17 PM,8:40 PM,4:45 PM,5:00 PM,7:17 PM,7:17 PM,8:40 PM,8:40 PM,,,,,,,
2,16,4:25 AM,4:30 AM,4:45 PM,7:17 PM,8:40 PM,4:45 PM,5:00 PM,7:17 PM,7:17 PM,8:40 PM,8:40 PM,,,,,,,
2,17,4:25 AM,4:30 AM,4:45 PM,7:17 PM,8:40 PM,4:45 PM,5:00 PM,7:17 PM,7:17 PM,8:40 PM,8:40 PM,,,,,,,
2,18,4:25 AM,4:30 AM,4:45 PM,7:17 PM,8:40 PM,4:45 PM,5:00 PM,7:17 PM,7:17 PM,8:40 PM,8:40 PM,,,,,,,
2,19,4:25 AM,4:30 AM,4:45 PM,7:17 PM,8:40 PM,4:45 PM,5:00 PM,7:17 PM,7:17 PM,8:40 PM,8:40 PM,,,,,,,
2,20,4:25 AM,4:30 AM,4:45 PM,7:17 PM,8:40 PM,4:45 PM,5:00 PM,7:17 PM,7:17 PM,8:40 PM,8:40 PM,,,,,,,
2,21,4:25 AM,4:30 AM,4:45 PM,7:17 PM,8:40 PM,4:45 PM,5:00 PM,7:17 PM,7:17 PM,8:40 PM,8:40 PM,,,,,,,
2,22,4:25 AM,4:30 AM,4:45 PM,7:17 PM,8:40 PM,4:45 PM,5:00 PM,7:17 PM,7:17 PM,8:40 PM,8:40 PM,,,,,,,
2,23,4:25 AM,4:30 AM,4:45 PM,7:17 PM,8:40 PM,4:45 PM,5:00 PM,7:17 PM,7:17 PM,8:40 PM,8:40 PM,,,,,,,
2,24,4:25 AM,4:30 AM,4:45 PM,7:17 PM,8:40 PM,4:45 PM,5:00 PM,7:17 PM,7:17 PM,8:40 PM,8:40 PM,,,,,,,
2,25,4:25 AM,4:30 AM,4:45 PM,7:17 PM,8:40 PM,4:45 PM,5:00 PM,7:17 PM,7:17 PM,8:40 PM,8:40 PM,,,,,,,
2,26,4:25 AM,4:30 AM,4:45 PM,7:17 PM,8:40 PM,4:45 PM,5:00 PM,7:17 PM,7:17 PM,8:40 PM,8:40 PM,,,,,,,
2,27,4:25 AM,4:30 AM,4:45 PM,7:17 PM,8:40 PM,4:45 PM,5:00 PM,7:17 PM,7:17 PM,8:40 PM,8:40 PM,,,,,,,
2,28,4:25 AM,4:30 AM,4:45 PM,7:17 PM,8:40 PM,4:45 PM,5:00 PM,7:17 PM,7:17 PM,8:40 PM,8:40 PM,,,,,,,
2,29,4:25 AM,4:30 AM,4:45 PM,7:17 PM,8:40 PM,4:45 PM,5:00 PM,7:17 PM,7:17 PM,8:40 PM,8:40 PM,,,,,,,
3,1,4:25 AM,4:30 AM,4:45 PM,7:17 PM,8:40 PM,4:45 PM,5:00 PM,7:17 PM,7:17 PM,8:40 PM,8:40 PM,,,,,,,
3,2,4:25 AM,4:30 AM,4:45 PM,7:17 PM,8:40 PM,4:45 PM,5:00 PM,7:17 PM,7:17 PM,8:40 PM,8:40 PM,,,,,,,
3,3,4:25 AM,4:30 AM,4:45 PM,7:17 PM,8:40 PM,4:45 PM,5:00 PM,7:17 PM,7:17 PM,8:40 PM,8:40 PM,,,,,,,
3,4,4:25 AM,4:30 AM,4:45 PM,7:17 PM,8:40 PM,4:45 PM,5:00 PM,7:17 PM,7:17 PM,8:40 PM,8:40 PM,,,,,,,
3,5,4:25 AM,4:30 AM,4:45 PM,7:17 PM,8:40 PM,4:45 PM,5:00 PM,7:17 PM,7:17 PM,8:40 PM,8:40 PM,,,,,,,
3,6,4:25 AM,4:30 AM,4:45 PM,7:17 PM,8:40 PM,4:45 PM,5:00 PM,7:17 PM,7:17 PM,8:40 PM,8:40 PM,,,,,,,
3,7,4:25 AM,4:30 AM,4:45 PM,7:17 PM,8:40 PM,4:45 PM,5:00 PM,7:17 PM,7:17 PM,8:40 PM,8:40 PM,,,,,,,
3,8,4:25 AM,4:30 AM,4:45 PM,7:17 PM,8:40 PM,4:45 PM,5:00 PM,7:17 PM,7:17 PM,8:40 PM,8:40 PM,,,,,,,
3,9,4:25 AM,4:30 AM,4:45 PM,7:17 PM,8:40 PM,4:45 PM,5:00 PM,7:17 PM,7:17 PM,8:40 PM,8:40 PM,,,,,,,
3,10,4:25 AM,4:30 AM,4:45 PM,7:17 PM,8:40 PM,4:45 PM,5:00 PM,7:17 PM,7:17 PM,8:40 PM,8:40 PM,,,,,,,
3,11,4:25 AM,4:30 AM,4:45 PM,7:17 PM,8:40 PM,4:45 PM,5:00 PM,7:17 PM,7:17 PM,8:40 PM,8:40 PM,,,,,,,
3,12,4:25 AM,4:30 AM,4:45 PM,7:17 PM,8:40 PM,4:45 PM,5:00 PM,7:17 PM,7:17 PM,8:40 PM,8:40 PM,,,,,,,
3,13,4:25 AM,4:30 AM,4:45 PM,7:17 PM,8:40 PM,4:45 PM,5:00 PM,7:17 PM,7:17 PM,8:40 PM,8:40 PM,,,,,,,
3,14,4:25 AM,4:30 AM,4:45 PM,7:17 PM,8:40 PM,4:45 PM,5:00 PM,7:17 PM,7:17 PM,8:40 PM,8:40 PM,,,,,,,
3,15,4:25 AM,4:30 AM,4:45 PM,7:17 PM,8:40 PM,4:45 PM,5:00 PM,7:17 PM,7:17 PM,8:40 PM,8:40 PM,,,,,,,
3,16,4:25 AM,4:30 AM,4:45 PM,7:17 PM,8:40 PM,4:45 PM,5:00 PM,7:17 PM,7:17 PM,8:40 PM,8:40 PM,,,,,,,
3,17,4:25 AM,4:30 AM,4:45 PM,7:17 PM,8:40 PM,4:45 PM,5:00 PM,7:17 PM,7:17 PM,8:40 PM,8:40 PM,,,,,,,
3,18,4:25 AM,4:30 AM,4:45 PM,7:17 PM,8:40 PM,4:45 PM,5:00 PM,7:17 PM,7:17 PM,8:40 PM,8:40 PM,,,,,,,
3,19,4:25 AM,4:30 AM,4:45 PM,7:17 PM,8:40 PM,4:45 PM,5:00 PM,7:17 PM,7:17 PM,8:40 PM,8:40 PM,,,,,,,
3,20,4:25 AM,4:30 AM,4:45 PM,7:17 PM,8:40 PM,4:45 PM,5:00 PM,7:17 PM,7:17 PM,8:40 PM,8:40 PM,,,,,,,
3,21,4:25 AM,4:30 AM,4:45 PM,7:17 PM,8:40 PM,4:45 PM,5:00 PM,7:17 PM,7:17 PM,8:40 PM,8:40 PM,,,,,,,
3,22,4:25 AM,4:30 AM,4:45 PM,7:17 PM,8:40 PM,4:45 PM,5:00 PM,7:17 PM,7:17 PM,8:40 PM,8:40 PM,,,,,,,
3,23,4:25 AM,4:30 AM,4:45 PM,7:17 PM,8:40 PM,4:45 PM,5:00 PM,7:17 PM,7:17 PM,8:40 PM,8:40 PM,,,,,,,
3,24,4:25 AM,4:30 AM,4:45 PM,7:17 PM,8:40 PM,4:45 PM,5:00 PM,7:17 PM,7:17 PM,8:40 PM,8:40 PM,,,,,,,
3,25,4:25 AM,4:30 AM,4:45 PM,7:17 PM,8:40 PM,4:45 PM,5:00 PM,7:17 PM,7:17 PM,8:40 PM,8:40 PM,,,,,,,
3,26,4:25 AM,4:30 AM,4:45 PM,7:17 PM,8:40 PM,4:45 PM,5:00 PM,7:17 PM,7:17 PM,8:40 PM,8:40 PM,,,,,,,
3,27,4:25 AM,4:30 AM,4:45 PM,7:17 PM,8:40 PM,4:45 PM,5:00 PM,7:17 PM,7:17 PM,8:40 PM,8:40 PM,,,,,,,
3,28,4:25 AM,4:30 AM,4:45 PM,7:17 PM,8:40 PM,4:45 PM,5:00 PM,7:17 PM,7:17 PM,8:40 PM,8:40 PM,,,,,,,
3,29,4:25 AM,4:30 AM,4:45 PM,7:17 PM,8:40 PM,4:45 PM,5:00 PM,7:17 PM,7:17 PM,8:40 PM,8:40 PM,,,,,,,
3,30,4:25 AM,4:30 AM,4:45 PM,7:17 PM,8:40 PM,4:45 PM,5:00 PM,7:17 PM,7:17 PM,8:40 PM,8:40 PM,,,,,,,
3,31,4:25 AM,4:30 AM,4:45 PM,7:17 PM,8:40 PM,4:45 PM,5:00 PM,7:17 PM,7:17 PM,8:40 PM,8:40 PM,,,,,,,
4,1,4:25 AM,4:30 AM,4:45 PM,7:17 PM,8:40 PM,4:45 PM,5:00 PM,7:17 PM,7:17 PM,8:40 PM,8:40 PM,,,,,,,
4,2,4:25 AM,4:30 AM,4:45 PM,7:17 PM,8:40 PM,4:45 PM,5:00 PM,7:17 PM,7:17 PM,8:40 PM,8:40 PM,,,,,,,
4,3,4:25 AM,4:30 AM,4:45 PM,7:17 PM,8:40 PM,4:45 PM,5:00 PM,7:17 PM,7:17 PM,8:40 PM,8:40 PM,,,,,,,
4,4,4:25 AM,4:30 AM,4:45 PM,7:17 PM,8:40 PM,4:45 PM,5:00 PM,7:17 PM,7:17 PM,8:40 PM,8:40 PM,,,,,,,
4,5,4:25 AM,4:30 AM,4:45 PM,7:17 PM,8:40 PM,4:45 PM,5:00 PM,7:17 PM,7:17 PM,8:40 PM,8:40 PM,,,,,,,
4,6,4:25 AM,4:30 AM,4:45 PM,7:17 PM,8:40 PM,4:45 PM,5:00 PM,7:17 PM,7:17 PM,8:40 PM,8:40 PM,,,,,,,
4,7,4:25 AM,4:30 AM,4:45 PM,7:17 PM,8:40 PM,4:45 PM,5:00 PM,7:17 PM,7:17 PM,8:40 PM,8:40 PM,,,,,,,
4,8,4:25 AM,4:30 AM,4:45 PM,7:17 PM,8:40 PM,4:45 PM,5:00 PM,7:17 PM,7:17 PM,8:40 PM,8:40 PM,,,,,,,
4,9,4:25 AM,4:30 AM,4:45 PM,7:17 PM,8:40 PM,4:45 PM,5:00 PM,7:17 PM,7:17 PM,8:40 PM,8:40 PM,,,,,,,
4,10,4:25 AM,4:30 AM,4:45 PM,7:17 PM,8:40 PM,4:45 PM,5:00 PM,7:17 PM,7:17 PM,8:40 PM,8:40 PM,,,,,,,
4,11,4:25 AM,4:30 AM,4:45 PM,7:17 PM,8:40 PM,4:45 PM,5:00 PM,7:17 PM,7:17 PM,8:40 PM,8:40 PM,,,,,,,
4,12,4:25 AM,4:30 AM,4:45 PM,7:17 PM,8:40 PM,4:45 PM,5:00 PM,7:17 PM,7:17 PM,8:40 PM,8:40 PM,,,,,,,
4,13,4:25 AM,4:30 AM,4:45 PM,7:17 PM,8:40 PM,4:45 PM,5:00 PM,7:17 PM,7:17 PM,8:40 PM,8:40 PM,,,,,,,
4,14,4:25 AM,4:30 AM,4:45 PM,7:17 PM,8:40 PM,4:45 PM,5:00 PM,7:17 PM,7:17 PM,8:40 PM,8:40 PM,,,,,,,
4,15,4:25 AM,4:30 AM,4:45 PM,7:17 PM,8:40 PM,4:45 PM,5:00 PM,7:17 PM,7:17 PM,8:40 PM,8:40 PM,,,,,,,
4,16,4:25 AM,4:30 AM,4:45 PM,7:17 PM,8:40 PM,4:45 PM,5:00 PM,7:17 PM,7:17 PM,8:40 PM,8:40 PM,,,,,,,
4,17,4:25 AM,4:30 AM,4:45 PM,7:17 PM,8:40 PM,4:45 PM,5:00 PM,7:17 PM,7:17 PM,8:40 PM,8:40 PM,,,,,,,
4,18,4:25 AM,4:30 AM,4:45 PM,7:17 PM,8:40 PM,4:45 PM,5:00 PM,7:17 PM,7:17 PM,8:40 PM,8:40 PM,,,,,,,
4,19,4:25 AM,4:30 AM,4:45 PM,7:17 PM,8:40 PM,4:45 PM,5:00 PM,7:17 PM,7:17 PM,8:40 PM,8:40 PM,,,,,,,
4,20,4:25 AM,4:30 AM,4:45 PM,7:17 PM,8:40 PM,4:45 PM,5:00 PM,7:17 PM,7:17 PM,8:40 PM,8:40 PM,,,,,,,
4,21,4:25 AM,4:30 AM,4:45 PM,7:17 PM,8:40 PM,4:45 PM,5:00 PM,7:17 PM,7:17 PM,8:40 PM,8:40 PM,,,,,,,
4,22,4:25 AM,4:30 AM,4:45 PM,7:17 PM,8:40 PM,4:45 PM,5:00 PM,7:17 PM,7:17 PM,8:40 PM,8:40 PM,,,,,,,
4,23,4:25 AM,4:30 AM,4:45 PM,7:17 PM,8:40 PM,4:45 PM,5:00 PM,7:17 PM,7:17 PM,8:40 PM,8:40 PM,,,,,,,
4,24,4:25 AM,4:30 AM,4:45 PM,7:17 PM,8:40 PM,4:45 PM,5:00 PM,7:17 PM,7:17 PM,8:40 PM,8:40 PM,,,,,,,
4,25,4:25 AM,4:30 AM,4:45 PM,7:17 PM,8:40 PM,4:45 PM,5:00 PM,7:17 PM,7:17 PM,8:40 PM,8:40 PM,,,,,,,
4,26,4:25 AM,4:30 AM,4:45 PM,7:17 PM,8:40 PM,4:45 PM,5:00 PM,7:17 PM,7:17 PM,8:40 PM,8:40 PM,,,,,,,
4,27,4:25 AM,4:30 AM,4:45 PM,7:17 PM,8:40 PM,4:45 PM,5:00 PM,7:17 PM,7:17 PM,8:40 PM,8:40 PM,,,,,,,
4,28,4:25 AM,4:30 AM,4:45 PM,7:17 PM,8:40 PM,4:45 PM,5:00 PM,7:17 PM,7:17 PM,8:40 PM,8:40 PM,,,,,,,
4,29,4:25 AM,4:30 AM,4:45 PM,7:17 PM,8:40 PM,4:45 PM,5:00 PM,7:17 PM,7:17 PM,8:40 PM,8:40 PM,,,,,,,
4,30,4:25 AM,4:30 AM,4:45 PM,7:17 PM,8:40 PM,4:45 PM,5:00 PM,7:17 PM,7:17 PM,8:40 PM,8:40 PM,,,,,,,
5,1,4:25 AM,4:30 AM,4:45 PM,7:17 PM,8:40 PM,4:45 PM,5:00 PM,7:17 PM,7:17 PM,8:40 PM,8:40 PM,,,,,,,
5,2,4:25 AM,4:30 AM,4:45 PM,7:17 PM,8:40 PM,4:45 PM,5:00 PM,7:17 PM,7:17 PM,8:40 PM,8:40 PM,,,,,,,
5,3,4:25 AM,4:30 AM,4:45 PM,7:17 PM,8:40 PM,4:45 PM,5:00 PM,7:17 PM,7:17 PM,8:40 PM,8:40 PM,,,,,,,
5,4,4:25 AM,4:30 AM,4:45 PM,7:17 PM,8:40 PM,4:45 PM,5:00 PM,7:17 PM,7:17 PM,8:40 PM,8:40 PM,,,,,,,
5,5,4:25 AM,4:30 AM,4:45 PM,7:17 PM,8:40 PM,4:45 PM,5:00 PM,7:17 PM,7:17 PM,8:40 PM,8:40 PM,,,,,,,
5,6,4:25 AM,4:30 AM,4:45 PM,7:17 PM,8:40 PM,4:45 PM,5:00 PM,7:17 PM,7:17 PM,8:40 PM,8:40 PM,,,,,,,
5,7,4:25 AM,4:30 AM,4:45 PM,7:17 PM,8:40 PM,4:45 PM,5:00 PM,7:17 PM,7:17 PM,8:40 PM,8:40 PM,,,,,,,
5,8,4:25 AM,4:30 AM,4:45 PM,7:17 PM,8:40 PM,4:45 PM,5:00 PM,7:17 PM,7:17 PM,8:40 PM,8:40 PM,,,,,,,
5,9,4:25 AM,4:30 AM,4:45 PM,7:17 PM,8:40 PM,4:45 PM,5:00 PM,7:17 PM,7:17 PM,8:40 PM,8:40 PM,,,,,,,
5,10,4:25 AM,4:30 AM,4:45 PM,7:17 PM,8:40 PM,4:45 PM,5:00 PM,7:17 PM,7:17 PM,8:40 PM,8:40 PM,,,,,,,
5,11,4:25 AM,4:30 AM,4:45 PM,7:17 PM,8:40 PM,4:45 PM,5:00 PM,7:17 PM,7:17 PM,8:40 PM,8:40 PM,,,,,,,
5,12,4:25 AM,4:30 AM,4:45 PM,7:17 PM,8:40 PM,4:45 PM,5:00 PM,7:17 PM,7:17 PM,8:40 PM,8:40 PM,,,,,,,
5,13,4:25 AM,4:30 AM,4:45 PM,7:17 PM,8:40 PM,4:45 PM,5:00 PM,7:17 PM,7:17 PM,8:40 PM,8:40 PM,,,,,,,
5,14,4:25 AM,4:30 AM,4:45 PM,7:17 PM,8:40 PM,4:45 PM,5:00 PM,7:17 PM,7:17 PM,8:40 PM,8:40 PM,,,,,,,
5,15,4:25 AM,4:30 AM,4:45 PM,7:17 PM,8:40 PM,4:45 PM,5:00 PM,7:17 PM,7:17 PM,8:40 PM,8:40 PM,,,,,,,
5,16,4:25 AM,4:30 AM,4:45 PM,7:17 PM,8:40 PM,4:45 PM,5:00 PM,7:17 PM,7:17 PM,8:40 PM,8:40 PM,,,,,,,
5,17,4:25 AM,4:30 AM,4:45 PM,7:17 PM,8:40 PM,4:45 PM,5:00 PM,7:17 PM,7:17 PM,8:40 PM,8:40 PM,,,,,,,
5,18,4:25 AM,4:30 AM,4:45 PM,7:17 PM,8:40 PM,4:45 PM,5:00 PM,7:17 PM,7:17 PM,8:40 PM,8:40 PM,,,,,,,
5,19,4:25 AM,4:30 AM,4:45 PM,7:17 PM,8:40 PM,4:45 PM,5:00 PM,7:17 PM,7:17 PM,8:40 PM,8:40 PM,,,,,,,
5,20,4:25 AM,4:30 AM,4:45 PM,7:17 PM,8:40 PM,4:45 PM,5:00 PM,7:17 PM,7:17 PM,8:40 PM,8:40 PM,,,,,,,
5,21,4:25 AM,4:30 AM,4:45 PM,7:17 PM,8:40 PM,4:45 PM,5:00 PM,7:17 PM,7:17 PM,8:40 PM,8:40 PM,,,,,,,
5,22,4:25 AM,4:30 AM,4:45 PM,7:17 PM,8:40 PM,4:45 PM,5:00 PM,7:17 PM,7:17 PM,8:40 PM,8:40 PM,,,,,,,
5,23,4:25 AM,4:30 AM,4:45 PM,7:17 PM,8:40 PM,4:45 PM,5:00 PM,7:17 PM,7:17 PM,8:40 PM,8:40 PM,,,,,,,
5,24,4:25 AM,4:30 AM,4:45 PM,7:17 PM,8:40 PM,4:45 PM,5:00 PM,7:17 PM,7:17 PM,8:40 PM,8:40 PM,,,,,,,
5,25,4:25 AM,4:30 AM,4:45 PM,7:17 PM,8:40 PM,4:45 PM,5:00 PM,7:17 PM,7:17 PM,8:40 PM,8:40 PM,,,,,,,
5,26,4:25 AM,4:30 AM,4:45 PM,7:17 PM,8:40 PM,4:45 PM,5:00 PM,7:17 PM,7:17 PM,8:40 PM,8:40 PM,,,,,,,
5,27,4:25 AM,4:30 AM,4:45 PM,7:17 PM,8:40 PM,4:45 PM,5:00 PM,7:17 PM,7:17 PM,8:40 PM,8:40 PM,,,,,,,
5,28,4:25 AM,4:30 AM,4:45 PM,7:17 PM,8:40 PM,4:45 PM,5:00 PM,7:17 PM,7:17 PM,8:40 PM,8:40 PM,,,,,,,
5,29,4:25 AM,4:30 AM,4:45 PM,7:17 PM,8:40 PM,4:45 PM,5:00 PM,7:17 PM,7:17 PM,8:40 PM,8:40 PM,,,,,,,
5,30,4:25 AM,4:30 AM,4:45 PM,7:17 PM,8:40 PM,4:45 PM,5:00 PM,7:17 PM,7:17 PM,8:40 PM,8:40 PM,,,,,,,
5,31,4:25 AM,4:30 AM,4:45 PM,7:17 PM,8:40 PM,4:45 PM,5:00 PM,7:17 PM,7:17 PM,8:40 PM,8:40 PM,,,,,,,
6,1,4:25 AM,4:30 AM,4:45 PM,7:17 PM,8:40 PM,4:45 PM,5:00 PM,7:17 PM,7:17 PM,8:40 PM,8:40 PM,,,,,,,
6,2,4:25 AM,4:30 AM,4:45 PM,7:17 PM,8:40 PM,4:45 PM,5:00 PM,7:17 PM,7:17 PM,8:40 PM,8:40 PM,,,,,,,
6,3,4:25 AM,4:30 AM,4:45 PM,7:17 PM,8:40 PM,4:45 PM,5:00 PM,7:17 PM,7:17 PM,8:40 PM,8:40 PM,,,,,,,
6,4,4:25 AM,4:30 AM,4:45 PM,7:17 PM,8:40 PM,4:45 PM,5:00 PM,7:17 PM,7:17 PM,8:40 PM,8:40 PM,,,,,,,
6,5,4:25 AM,4:30 AM,4:45 PM,7:17 PM,8:40 PM,4:45 PM,5:00 PM,7:17 PM,7:17 PM,8:40 PM,8:40 PM,,,,,,,
6,6,4:25 AM,4:30 AM,4:45 PM,7:17 PM,8:40 PM,4:45 PM,5:00 PM,7:17 PM,7:17 PM,8:40 PM,8:40 PM,,,,,,,
6,7,4:25 AM,4:30 AM,4:45 PM,7:17 PM,8:40 PM,4:45 PM,5:00 PM,7:17 PM,7:17 PM,8:40 PM,8:40 PM,,,,,,,
6,8,4:25 AM,4:30 AM,4:45 PM,7:17 PM,8:40 PM,4:45 PM,5:00 PM,7:17 PM,7:17 PM,8:40 PM,8:40 PM,,,,,,,
6,9,4:25 AM,4:30 AM,4:45 PM,7:17 PM,8:40 PM,4:45 PM,5:00 PM,7:17 PM,7:17 PM,8:40 PM,8:40 PM,,,,,,,
6,10,4:25 AM,4:30 AM,4:45 PM,7:17 PM,8:40 PM,4:45 PM,5:00 PM,7:17 PM,7:17 PM,8:40 PM,8:40 PM,,,,,,,
6,11,4:25 AM,4:30 AM,4:45 PM,7:17 PM,8:40 PM,4:45 PM,5:00 PM,7:17 PM,7:17 PM,8:40 PM,8:40 PM,,,,,,,
6,12,4:25 AM,4:30 AM,4:45 PM,7:17 PM,8:40 PM,4:45 PM,5:00 PM,7:17 PM,7:17 PM,8:40 PM,8:40 PM,,,,,,,
6,13,4:25 AM,4:30 AM,4:45 PM,7:17 PM,8:40 PM,4:45 PM,5:00 PM,7:17 PM,7:17 PM,8:40 PM,8:40 PM,,,,,,,
6,14,4:25 AM,4:30 AM,4:45 PM,7:17 PM,8:40 PM,4:45 PM,5:00 PM,7:17 PM,7:17 PM,8:40 PM,8:40 PM,,,,,,,
6,15,4:25 AM,4:30 AM,4:45 PM,7:17 PM,8:40 PM,4:45 PM,5:00 PM,7:17 PM,7:17 PM,8:40 PM,8:40 PM,,,,,,,
6,16,4:25 AM,4:30 AM,4:45 PM,7:17 PM,8:40 PM,4:45 PM,5:00 PM,7:17 PM,7:17 PM,8:40 PM,8:40 PM,,,,,,,
6,17,4:25 AM,4:30 AM,4:45 PM,7:17 PM,8:40 PM,4:45 PM,5:00 PM,7:17 PM,7:17 PM,8:40 PM,8:40 PM,,,,,,,
6,18,4:25 AM,4:30 AM,4:45 PM,7:17 PM,8:40 PM,4:45 PM,5:00 PM,7:17 PM,7:17 PM,8:40 PM,8:40 PM,,,,,,,
6,19,4:25 AM,4:30 AM,4:45 PM,7:17 PM,8:40 PM,4:45 PM,5:00 PM,7:17 PM,7:17 PM,8:40 PM,8:40 PM,,,,,,,
6,20,4:25 AM,4:30 AM,4:45 PM,7:17 PM,8:40 PM,4:45 PM,5:00 PM,7:17 PM,7:17 PM,8:40 PM,8:40 PM,,,,,,,
6,21,4:25 AM,4:30 AM,4:45 PM,7:17 PM,8:40 PM,4:45 PM,5:00 PM,7:17 PM,7:17 PM,8:40 PM,8:40 PM,,,,,,,
6,22,4:25 AM,4:30 AM,4:45 PM,7:17 PM,8:40 PM,4:45 PM,5:00 PM,7:17 PM,7:17 PM,8:40 PM,8:40 PM,,,,,,,
6,23,4:25 AM,4:30 AM,4:45 PM,7:17 PM,8:40 PM,4:45 PM,5:00 PM,7:17 PM,7:17 PM,8:40 PM,8:40 PM,,,,,,,
6,24,4:25 AM,4:30 AM,4:45 PM,7:17 PM,8:40 PM,4:45 PM,5:00 PM,7:17 PM,7:17 PM,8:40 PM,8:40 PM,,,,,,,
6,25,4:25 AM,4:30 AM,4:45 PM,7:17 PM,8:40 PM,4:45 PM,5:00 PM,7:17 PM,7:17 PM,8:40 PM,8:40 PM,,,,,,,
6,26,4:25 AM,4:30 AM,4:45 PM,7:17 PM,8:40 PM,4:45 PM,5:00 PM,7:17 PM,7:17 PM,8:40 PM,8:40 PM,,,,,,,
6,27,4:25 AM,4:30 AM,4:45 PM,7:17 PM,8:40 PM,4:45 PM,5:00 PM,7:17 PM,7:17 PM,8:40 PM,8:40 PM,,,,,,,
6,28,4:25 AM,4:30 AM,4:45 PM,7:17 PM,8:40 PM,4:45 PM,5:00 PM,7:17 PM,7:17 PM,8:40 PM,8:40 PM,,,,,,,
6,29,4:25 AM,4:30 AM,4:45 PM,7:17 PM,8:40 PM,4:45 PM,5:00 PM,7:17 PM,7:17 PM,8:40 PM,8:40 PM,,,,,,,
6,30,4:25 AM,4:30 AM,4:45 PM,7:17 PM,8:40 PM,4:45 PM,5:00 PM,7:17 PM,7:17 PM,8:40 PM,8:40 PM,,,,,,,
7,1,4:25 AM,4:30 AM,4:45 PM,7:17 PM,8:40 PM,4:45 PM,5:00 PM,7:17 PM,7:17 PM,8:40 PM,8:40 PM,,,,,,,
7,2,4:25 AM,4:30 AM,4:45 PM,7:17 PM,8:40 PM,4:45 PM,5:00 PM,7:17 PM,7:17 PM,8:40 PM,8:40 PM,,,,,,,
7,3,4:25 AM,4:30 AM,4:45 PM,7:17 PM,8:40 PM,4:45 PM,5:00 PM,7:17 PM,7:17 PM,8:40 PM,8:40 PM,,,,,,,
7,4,4:25 AM,4:30 AM,4:45 PM,7:17 PM,8:40 PM,4:45 PM,5:00 PM,7:17 PM,7:17 PM,8:40 PM,8:40 PM,,,,,,,
7,5,4:25 AM,4:30 AM,4:45 PM,7:17 PM,8:40 PM,4:45 PM,5:00 PM,7:17 PM,7:17 PM,8:40 PM,8:40 PM,,,,,,,
7,6,4:25 AM,4:30 AM,4:45 PM,7:17 PM,8:40 PM,4:45 PM,5:00 PM,7:17 PM,7:17 PM,8:40 PM,8:40 PM,,,,,,,
7,7,4:25 AM,4:30 AM,4:45 PM,7:17 PM,8:40 PM,4:45 PM,5:00 PM,7:17 PM,7:17 PM,8:40 PM,8:40 PM,,,,,,,
7,8,4:25 AM,4:30 AM,4:45 PM,7:17 PM,8:40 PM,4:45 PM,5:00 PM,7:17 PM,7:17 PM,8:40 PM,8:40 PM,,,,,,,
7,9,4:25 AM,4:30 AM,4:45 PM,7:17 PM,8:40 PM,4:45 PM,5:00 PM,7:17 PM,7:17 PM,8:40 PM,8:40 PM,,,,,,,
7,10,4:25 AM,4:30 AM,4:45 PM,7:17 PM,8:40 PM,4:45 PM,5:00 PM,7:17 PM,7:17 PM,8:40 PM,8:40 PM,,,,,,,
7,11,4:25 AM,4:30 AM,4:45 PM,7:17 PM,8:40 PM,4:45 PM,5:00 PM,7:17 PM,7:17 PM,8:40 PM,8:40 PM,,,,,,,
7,12,4:25 AM,4:30 AM,4:45 PM,7:17 PM,8:40 PM,4:45 PM,5:00 PM,7:17 PM,7:17 PM,8:40 PM,8:40 PM,,,,,,,
7,13,4:25 AM,4:30 AM,4:45 PM,7:17 PM,8:40 PM,4:45 PM,5:00 PM,7:17 PM,7:17 PM,8:40 PM,8:40 PM,,,,,,,
7,14,4:25 AM,4:30 AM,4:45 PM,7:17 PM,8:40 PM,4:45 PM,5:00 PM,7:17 PM,7:17 PM,8:40 PM,8:40 PM,,,,,,,
7,15,4:25 AM,4:30 AM,4:45 PM,7:17 PM,8:40 PM,4:45 PM,5:00 PM,7:17 PM,7:17 PM,8:40 PM,8:40 PM,,,,,,,
7,16,4:25 AM,4:30 AM,4:45 PM,7:17 PM,8:40 PM,4:45 PM,5:00 PM,7:17 PM,7:17 PM,8:40 PM,8:40 PM,,,,,,,
7,17,4:25 AM,4:30 AM,4:45 PM,7:17 PM,8:40 PM,4:45 PM,5:00 PM,7:17 PM,7:17 PM,8:40 PM,8:40 PM,,,,,,,
7,18,4:25 AM,4:30 AM,4:45 PM,7:17 PM,8:40 PM,4:45 PM,5:00 PM,7:17 PM,7:17 PM,8:40 PM,8:40 PM,,,,,,,
7,19,4:25 AM,4:30 AM,4:45 PM,7:17 PM,8:40 PM,4:45 PM,5:00 PM,7:17 PM,7:17 PM,8:40 PM,8:40 PM,,,,,,,
7,20,4:25 AM,4:30 AM,4:45 PM,7:17 PM,8:40 PM,4:45 PM,5:00 PM,7:17 PM,7:17 PM,8:40 PM,8:40 PM,,,,,,,
7,21,4:25 AM,4:30 AM,4:45 PM,7:17 PM,8:40 PM,4:45 PM,5:00 PM,7:17 PM,7:17 PM,8:40 PM,8:40 PM,,,,,,,
7,22,4:25 AM,4:30 AM,4:45 PM,7:17 PM,8:40 PM,4:45 PM,5:00 PM,7:17 PM,7:17 PM,8:40 PM,8:40 PM,,,,,,,
7,23,4:25 AM,4:30 AM,4:45 PM,7:17 PM,8:40 PM,4:45 PM,5:00 PM,7:17 PM,7:17 PM,8:40 PM,8:40 PM,,,,,,,
7,24,4:25 AM,4:30 AM,4:45 PM,7:17 PM,8:40 PM,4:45 PM,5:00 PM,7:17 PM,7:17 PM,8:40 PM,8:40 PM,,,,,,,
7,25,4:25 AM,4:30 AM,4:45 PM,7:17 PM,8:40 PM,4:45 PM,5:00 PM,7:17 PM,7:17 PM,8:40 PM,8:40 PM,,,,,,,
7,26,4:25 AM,4:30 AM,4:45 PM,7:17 PM,8:40 PM,4:45 PM,5:00 PM,7:17 PM,7:17 PM,8:40 PM,8:40 PM,,,,,,,
7,27,4:25 AM,4:30 AM,4:45 PM,7:17 PM,8:40 PM,4:45 PM,5:00 PM,7:17 PM,7:17 PM,8:40 PM,8:40 PM,,,,,,,
7,28,4:25 AM,4:30 AM,4:45 PM,7:17 PM,8:40 PM,4:45 PM,5:00 PM,7:17 PM,7:17 PM,8:40 PM,8:40 PM,,,,,,,
7,29,4:25 AM,4:30 AM,4:45 PM,7:17 PM,8:40 PM,4:45 PM,5:00 PM,7:17 PM,7:17 PM,8:40 PM,8:40 PM,,,,,,,
7,30,4:25 AM,4:30 AM,4:45 PM,7:17 PM,8:40 PM,4:45 PM,5:00 PM,7:17 PM,7:17 PM,8:40 PM,8:40 PM,,,,,,,
7,31,4:25 AM,4:30 AM,4:45 PM,7:17 PM,8:40 PM,4:45 PM,5:00 PM,7:17 PM,7:17 PM,8:40 PM,8:40 PM,,,,,,,
8,1,4:25 AM,4:30 AM,4:45 PM,7:17 PM,8:40 PM,4:45 PM,5:00 PM,7:17 PM,7:17 PM,8:40 PM,8:40 PM,,,,,,,
8,2,4:25 AM,4:30 AM,4:45 PM,7:17 PM,8:40 PM,4:45 PM,5:00 PM,7:17 PM,7:17 PM,8:40 PM,8:40 PM,,,,,,,
8,3,4:25 AM,4:30 AM,4:45 PM,7:17 PM,8:40 PM,4:45 PM,5:00 PM,7:17 PM,7:17 PM,8:40 PM,8:40 PM,,,,,,,
8,4,4:25 AM,4:30 AM,4:45 PM,7:17 PM,8:40 PM,4:45 PM,5:00 PM,7:17 PM,7:17 PM,8:40 PM,8:40 PM,,,,,,,
8,5,4:25 AM,4:30 AM,4:45 PM,7:17 PM,8:40 PM,4:45 PM,5:00 PM,7:17 PM,7:17 PM,8:40 PM,8:40 PM,,,,,,,
8,6,4:25 AM,4:30 AM,4:45 PM,7:17 PM,8:40 PM,4:45 PM,5:00 PM,7:17 PM,7:17 PM,8:40 PM,8:40 PM,,,,,,,
8,7,4:25 AM,4:30 AM,4:45 PM,7:17 PM,8:40 PM,4:45 PM,5:00 PM,7:17 PM,7:17 PM,8:40 PM,8:40 PM,,,,,,,
8,8,4:25 AM,4:30 AM,4:45 PM,7:17 PM,8:40 PM,4:45 PM,5:00 PM,7:17 PM,7:17 PM,8:40 PM,8:40 PM,,,,,,,
8,9,4:25 AM,4:30 AM,4:45 PM,7:17 PM,8:40 PM,4:45 PM,5:00 PM,7:17 PM,7:17 PM,8:40 PM,8:40 PM,,,,,,,
8,10,4:25 AM,4:30 AM,4:45 PM,7:17 PM,8:40 PM,4:45 PM,5:00 PM,7:17 PM,7:17 PM,8:40 PM,8:40 PM,,,,,,,
8,11,4:25 AM,4:30 AM,4:45 PM,7:17 PM,8:40 PM,4:45 PM,5:00 PM,7:17 PM,7:17 PM,8:40 PM,8:40 PM,,,,,,,
8,12,4:25 AM,4:30 AM,4:45 PM,7:17 PM,8:40 PM,4:45 PM,5:00 PM,7:17 PM,7:17 PM,8:40 PM,8:40 PM,,,,,,,
8,13,4:25 AM,4:30 AM,4:45 PM,7:17 PM,8:40 PM,4:45 PM,5:00 PM,7:17 PM,7:17 PM,8:40 PM,8:40 PM,,,,,,,
8,14,4:25 AM,4:30 AM,4:45 PM,7:17 PM,8:40 PM,4:45 PM,5:00 PM,7:17 PM,7:17 PM,8:40 PM,8:40 PM,,,,,,,
8,15,4:25 AM,4:30 AM,4:45 PM,7:17 PM,8:40 PM,4:45 PM,5:00 PM,7:17 PM,7:17 PM,8:40 PM,8:40 PM,,,,,,,
8,16,4:25 AM,4:30 AM,4:45 PM,7:17 PM,8:40 PM,4:45 PM,5:00 PM,7:17 PM,7:17 PM,8:40 PM,8:40 PM,,,,,,,
8,17,4:25 AM,4:30 AM,4:45 PM,7:17 PM,8:40 PM,4:45 PM,5:00 PM,7:17 PM,7:17 PM,8:40 PM,8:40 PM,,,,,,,
8,18,4:25 AM,4:30 AM,4:45 PM,7:17 PM,8:40 PM,4:45 PM,5:00 PM,7:17 PM,7:17 PM,8:40 PM,8:40 PM,,,,,,,
8,19,4:25 AM,4:30 AM,4:45 PM,7:17 PM,8:40 PM,4:45 PM,5:00 PM,7:17 PM,7:17 PM,8:40 PM,8:40 PM,,,,,,,
8,20,4:25 AM,4:30 AM,4:45 PM,7:17 PM,8:40 PM,4:45 PM,5:00 PM,7:17 PM,7:17 PM,8:40 PM,8:40 PM,,,,,,,
8,21,4:25 AM,4:30 AM,4:45 PM,7:17 PM,8:40 PM,4:45 PM,5:00 PM,7:17 PM,7:17 PM,8:40 PM,8:40 PM,,,,,,,
8,22,4:25 AM,4:30 AM,4:45 PM,7:17 PM,8:40 PM,4:45 PM,5:00 PM,7:17 PM,7:17 PM,8:40 PM,8:40 PM,,,,,,,
8,23,4:25 AM,4:30 AM,4:45 PM,7:17 PM,8:40 PM,4:45 PM,5:00 PM,7:17 PM,7:17 PM,8:40 PM,8:40 PM,,,,,,,
8,24,4:25 AM,4:30 AM,4:45 PM,7:17 PM,8:40 PM,4:45 PM,5:00 PM,7:17 PM,7:17 PM,8:40 PM,8:40 PM,,,,,,,
8,25,4:25 AM,4:30 AM,4:45 PM,7:17 PM,8:40 PM,4:45 PM,5:00 PM,7:17 PM,7:17 PM,8:40 PM,8:40 PM,,,,,,,
8,26,4:25 AM,4:30 AM,4:45 PM,7:17 PM,8:40 PM,4:45 PM,5:00 PM,7:17 PM,7:17 PM,8:40 PM,8:40 PM,,,,,,,
8,27,4:25 AM,4:30 AM,4:45 PM,7:17 PM,8:40 PM,4:45 PM,5:00 PM,7:17 PM,7:17 PM,8:40 PM,8:40 PM,,,,,,,
8,28,4:25 AM,4:30 AM,4:45 PM,7:17 PM,8:40 PM,4:45 PM,5:00 PM,7:17 PM,7:17 PM,8:40 PM,8:40 PM,,,,,,,
8,29,4:25 AM,4:30 AM,4:45 PM,7:17 PM,8:40 PM,4:45 PM,5:00 PM,7:17 PM,7:17 PM,8:40 PM,8:40 PM,,,,,,,
8,30,4:25 AM,4:30 AM,4:45 PM,7:17 PM,8:40 PM,4:45 PM,5:00 PM,7:17 PM,7:17 PM,8:40 PM,8:40 PM,,,,,,,
8,31,4:25 AM,4:30 AM,4:45 PM,7:17 PM,8:40 PM,4:45 PM,5:00 PM,7:17 PM,7:17 PM,8:40 PM,8:40 PM,,,,,,,
9,1,4:25 AM,4:30 AM,4:45 PM,7:17 PM,8:40 PM,4:45 PM,5:00 PM,7:17 PM,7:17 PM,8:40 PM,8:40 PM,,,,,,,
9,2,4:25 AM,4:30 AM,4:45 PM,7:17 PM,8:40 PM,4:45 PM,5:00 PM,7:17 PM,7:17 PM,8:40 PM,8:40 PM,,,,,,,
9,3,4:25 AM,4:30 AM,4:45 PM,7:17 PM,8:40 PM,4:45 PM,5:00 PM,7:17 PM,7:17 PM,8:40 PM,8:40 PM,,,,,,,
9,4,4:25 AM,4:30 AM,4:45 PM,7:17 PM,8:40 PM,4:45 PM,5:00 PM,7:17 PM,7:17 PM,8:40 PM,8:40 PM,,,,,,,
9,5,4:25 AM,4:30 AM,4:45 PM,7:17 PM,8:40 PM,4:45 PM,5:00 PM,7:17 PM,7:17 PM,8:40 PM,8:40 PM,,,,,,,
9,6,4:25 AM,4:30 AM,4:45 PM,7:17 PM,8:40 PM,4:45 PM,5:00 PM,7:17 PM,7:17 PM,8:40 PM,8:40 PM,,,,,,,
9,7,4:25 AM,4:30 AM,4:45 PM,7:17 PM,8:40 PM,4:45 PM,5:00 PM,7:17 PM,7:17 PM,8:40 PM,8:40 PM,,,,,,,
9,8,4:25 AM,4:30 AM,4:45 PM,7:17 PM,8:40 PM,4:45 PM,5:00 PM,7:17 PM,7:17 PM,8:40 PM,8:40 PM,,,,,,,
9,9,4:25 AM,4:30 AM,4:45 PM,7:17 PM,8:40 PM,4:45 PM,5:00 PM,7:17 PM,7:17 PM,8:40 PM,8:40 PM,,,,,,,
9,10,4:25 AM,4:30 AM,4:45 PM,7:17 PM,8:40 PM,4:45 PM,5:00 PM,7:17 PM,7:17 PM,8:40 PM,8:40 PM,,,,,,,
9,11,4:25 AM,4:30 AM,4:45 PM,7:17 PM,8:40 PM,4:45 PM,5:00 PM,7:17 PM,7:17 PM,8:40 PM,8:40 PM,,,,,,,
9,12,4:25 AM,4:30 AM,4:45 PM,7:17 PM,8:40 PM,4:45 PM,5:00 PM,7:17 PM,7:17 PM,8:40 PM,8:40 PM,,,,,,,
9,13,4:25 AM,4:30 AM,4:45 PM,7:17 PM,8:40 PM,4:45 PM,5:00 PM,7:17 PM,7:17 PM,8:40 PM,8:40 PM,,,,,,,
9,14,4:25 AM,4:30 AM,4:45 PM,7:17 PM,8:40 PM,4:45 PM,5:00 PM,7:17 PM,7:17 PM,8:40 PM,8:40 PM,,,,,,,
9,15,4:25 AM,4:30 AM,4:45 PM,7:17 PM,8:40 PM,4:45 PM,5:00 PM,7:17 PM,7:17 PM,8:40 PM,8:40 PM,,,,,,,
9,16,4:25 AM,4:30 AM,4:45 PM,7:17 PM,8:40 PM,4:45 PM,5:00 PM,7:17 PM,7:17 PM,8:40 PM,8:40 PM,,,,,,,
9,17,4:25 AM,4:30 AM,4:45 PM,7:17 PM,8:40 PM,4:45 PM,5:00 PM,7:17 PM,7:17 PM,8:40 PM,8:40 PM,,,,,,,
9,18,4:25 AM,4:30 AM,4:45 PM,7:17 PM,8:40 PM,4:45 PM,5:00 PM,7:17 PM,7:17 PM,8:40 PM,8:40 PM,,,,,,,
9,19,4:25 AM,4:30 AM,4:45 PM,7:17 PM,8:40 PM,4:45 PM,5:00 PM,7:17 PM,7:17 PM,8:40 PM,8:40 PM,,,,,,,
9,20,4:25 AM,4:30 AM,4:45 PM,7:17 PM,8:40 PM,4:45 PM,5:00 PM,7:17 PM,7:17 PM,8:40 PM,8:40 PM,,,,,,,
9,21,4:25 AM,4:30 AM,4:45 PM,7:17 PM,8:40 PM,4:45 PM,5:00 PM,7:17 PM,7:17 PM,8:40 PM,8:40 PM,,,,,,,
9,22,4:25 AM,4:30 AM,4:45 PM,7:17 PM,8:40 PM,4:45 PM,5:00 PM,7:17 PM,7:17 PM,8:40 PM,8:40 PM,,,,,,,
9,23,4:25 AM,4:30 AM,4:45 PM,7:17 PM,8:40 PM,4:45 PM,5:00 PM,7:17 PM,7:17 PM,8:40 PM,8:40 PM,,,,,,,
9,24,4:25 AM,4:30 AM,4:45 PM,7:17 PM,8:40 PM,4:45 PM,5:00 PM,7:17 PM,7:17 PM,8:40 PM,8:40 PM,,,,,,,
9,25,4:25 AM,4:30 AM,4:45 PM,7:17 PM,8:40 PM,4:45 PM,5:00 PM,7:17 PM,7:17 PM,8:40 PM,8:40 PM,,,,,,,
9,26,4:25 AM,4:30 AM,4:45 PM,7:17 PM,8:40 PM,4:45 PM,5:00 PM,7:17 PM,7:17 PM,8:40 PM,8:40 PM,,,,,,,
9,27,4:25 AM,4:30 AM,4:45 PM,7:17 PM,8:40 PM,4:45 PM,5:00 PM,7:17 PM,7:17 PM,8:40 PM,8:40 PM,,,,,,,
9,28,4:25 AM,4:30 AM,4:45 PM,7:17 PM,8:40 PM,4:45 PM,5:00 PM,7:17 PM,7:17 PM,8:40 PM,8:40 PM,,,,,,,
9,29,4:25 AM,4:30 AM,4:45 PM,7:17 PM,8:40 PM,4:45 PM,5:00 PM,7:17 PM,7:17 PM,8:40 PM,8:40 PM,,,,,,,
9,30,4:25 AM,4:30 AM,4:45 PM,7:17 PM,8:40 PM,4:45 PM,5:00 PM,7:17 PM,7:17 PM,8:40 PM,8:40 PM,,,,,,,
10,1,4:25 AM,4:30 AM,4:45 PM,7:17 PM,8:40 PM,4:45 PM,5:00 PM,7:17 PM,7:17 PM,8:40 PM,8:40 PM,,,,,,,
10,2,4:25 AM,4:30 AM,4:45 PM,7:17 PM,8:40 PM,4:45 PM,5:00 PM,7:17 PM,7:17 PM,8:40 PM,8:40 PM,,,,,,,
10,3,4:25 AM,4:30 AM,4:45 PM,7:17 PM,8:40 PM,4:45 PM,5:00 PM,7:17 PM,7:17 PM,8:40 PM,8:40 PM,,,,,,,
10,4,4:25 AM,4:30 AM,4:45 PM,7:17 PM,8:40 PM,4:45 PM,5:00 PM,7:17 PM,7:17 PM,8:40 PM,8:40 PM,,,,,,,
10,5,4:25 AM,4:30 AM,4:45 PM,7:17 PM,8:40 PM,4:45 PM,5:00 PM,7:17 PM,7:17 PM,8:40 PM,8:40 PM,,,,,,,
10,6,4:25 AM,4:30 AM,4:45 PM,7:17 PM,8:40 PM,4:45 PM,5:00 PM,7:17 PM,7:17 PM,8:40 PM,8:40 PM,,,,,,,
10,7,4:25 AM,4:30 AM,4:45 PM,7:17 PM,8:40 PM,4:45 PM,5:00 PM,7:17 PM,7:17 PM,8:40 PM,8:40 PM,,,,,,,
10,8,4:25 AM,4:30 AM,4:45 PM,7:17 PM,8:40 PM,4:45 PM,5:00 PM,7:17 PM,7:17 PM,8:40 PM,8:40 PM,,,,,,,
10,9,4:25 AM,4:30 AM,4:45 PM,7:17 PM,8:40 PM,4:45 PM,5:00 PM,7:17 PM,7:17 PM,8:40 PM,8:40 PM,,,,,,,
10,10,4:25 AM,4:30 AM,4:45 PM,7:17 PM,8:40 PM,4:45 PM,5:00 PM,7:17 PM,7:17 PM,8:40 PM,8:40 PM,,,,,,,
10,11,4:25 AM,4:30 AM,4:45 PM,7:17 PM,8:40 PM,4:45 PM,5:00 PM,7:17 PM,7:17 PM,8:40 PM,8:40 PM,,,,,,,
10,12,4:25 AM,4:30 AM,4:45 PM,7:17 PM,8:40 PM,4:45 PM,5:00 PM,7:17 PM,7:17 PM,8:40 PM,8:40 PM,,,,,,,
10,13,4:25 AM,4:30 AM,4:45 PM,7:17 PM,8:40 PM,4:45 PM,5:00 PM,7:17 PM,7:17 PM,8:40 PM,8:40 PM,,,,,,,
10,14,4:25 AM,4:30 AM,4:45 PM,7:17 PM,8:40 PM,4:45 PM,5:00 PM,7:17 PM,7:17 PM,8:40 PM,8:40 PM,,,,,,,
10,15,4:25 AM,4:30 AM,4:45 PM,7:17 PM,8:40 PM,4:45 PM,5:00 PM,7:17 PM,7:17 PM,8:40 PM,8:40 PM,,,,,,,
10,16,4:25 AM,4:30 AM,4:45 PM,7:17 PM,8:40 PM,4:45 PM,5:00 PM,7:17 PM,7:17 PM,8:40 PM,8:40 PM,,,,,,,
10,17,4:25 AM,4:30 AM,4:45 PM,7:17 PM,8:40 PM,4:45 PM,5:00 PM,7:17 PM,7:17 PM,8:40 PM,8:40 PM,,,,,,,
10,18,4:25 AM,4:30 AM,4:45 PM,7:17 PM,8:40 PM,4:45 PM,5:00 PM,7:17 PM,7:17 PM,8:40 PM,8:40 PM,,,,,,,
10,19,4:25 AM,4:30 AM,4:45 PM,7:17 PM,8:40 PM,4:45 PM,5:00 PM,7:17 PM,7:17 PM,8:40 PM,8:40 PM,,,,,,,
10,20,4:25 AM,4:30 AM,4:45 PM,7:17 PM,8:40 PM,4:45 PM,5:00 PM,7:17 PM,7:17 PM,8:40 PM,8:40 PM,,,,,,,
10,21,4:25 AM,4:30 AM,4:45 PM,7:17 PM,8:40 PM,4:45 PM,5:00 PM,7:17 PM,7:17 PM,8:40 PM,8:40 PM,,,,,,,
10,22,4:25 AM,4:30 AM,4:45 PM,7:17 PM,8:40 PM,4:45 PM,5:00 PM,7:17 PM,7:17 PM,8:40 PM,8:40 PM,,,,,,,
10,23,4:25 AM,4:30 AM,4:45 PM,7:17 PM,8:40 PM,4:45 PM,5:00 PM,7:17 PM,7:17 PM,8:40 PM,8:40 PM,,,,,,,
10,24,4:25 AM,4:30 AM,4:45 PM,7:17 PM,8:40 PM,4:45 PM,5:00 PM,7:17 PM,7:17 PM,8:40 PM,8:40 PM,,,,,,,
10,25,4:25 AM,4:30 AM,4:45 PM,7:17 PM,8:40 PM,4:45 PM,5:00 PM,7:17 PM,7:17 PM,8:40 PM,8:40 PM,,,,,,,
10,26,4:25 AM,4:30 AM,4:45 PM,7:17 PM,8:40 PM,4:45 PM,5:00 PM,7:17 PM,7:17 PM,8:40 PM,8:40 PM,,,,,,,
10,27,4:25 AM,4:30 AM,4:45 PM,7:17 PM,8:40 PM,4:45 PM,5:00 PM,7:17 PM,7:17 PM,8:40 PM,8:40 PM,,,,,,,
10,28,4:25 AM,4:30 AM,4:45 PM,7:17 PM,8:40 PM,4:45 PM,5:00 PM,7:17 PM,7:17 PM,8:40 PM,8:40 PM,,,,,,,
10,29,4:25 AM,4:30 AM,4:45 PM,7:17 PM,8:40 PM,4:45 PM,5:00 PM,7:17 PM,7:17 PM,8:40 PM,8:40 PM,,,,,,,
10,30,4:25 AM,4:30 AM,4:45 PM,7:17 PM,8:40 PM,4:45 PM,5:00 PM,7:17 PM,7:17 PM,8:40 PM,8:40 PM,,,,,,,
10,31,4:25 AM,4:30 AM,4:45 PM,7:17 PM,8:40 PM,4:45 PM,5:00 PM,7:17 PM,7:17 PM,8:40 PM,8:40 PM,,,,,,,
11,1,4:25 AM,4:30 AM,4:45 PM,7:17 PM,8:40 PM,4:45 PM,5:00 PM,7:17 PM,7:17 PM,8:40 PM,8:40 PM,,,,,,,
11,2,4:25 AM,4:30 AM,4:45 PM,7:17 PM,8:40 PM,4:45 PM,5:00 PM,7:17 PM,7:17 PM,8:40 PM,8:40 PM,,,,,,,
11,3,4:25 AM,4:30 AM,4:45 PM,7:17 PM,8:40 PM,4:45 PM,5:00 PM,7:17 PM,7:17 PM,8:40 PM,8:40 PM,,,,,,,
11,4,4:25 AM,4:30 AM,4:45 PM,7:17 PM,8:40 PM,4:45 PM,5:00 PM,7:17 PM,7:17 PM,8:40 PM,8:40 PM,,,,,,,
11,5,4:25 AM,4:30 AM,4:45 PM,7:17 PM,8:40 PM,4:45 PM,5:00 PM,7:17 PM,7:17 PM,8:40 PM,8:40 PM,,,,,,,
11,6,4:25 AM,4:30 AM,4:45 PM,7:17 PM,8:40 PM,4:45 PM,5:00 PM,7:17 PM,7:17 PM,8:40 PM,8:40 PM,,,,,,,
11,7,4:25 AM,4:30 AM,4:45 PM,7:17 PM,8:40 PM,4:45 PM,5:00 PM,7:17 PM,7:17 PM,8:40 PM,8:40 PM,,,,,,,
11,8,4:25 AM,4:30 AM,4:45 PM,7:17 PM,8:40 PM,4:45 PM,5:00 PM,7:17 PM,7:17 PM,8:40 PM,8:40 PM,,,,,,,
11,9,4:25 AM,4:30 AM,4:45 PM,7:17 PM,8:40 PM,4:45 PM,5:00 PM,7:17 PM,7:17 PM,8:40 PM,8:40 PM,,,,,,,
11,10,4:25 AM,4:30 AM,4:45 PM,7:17 PM,8:40 PM,4:45 PM,5:00 PM,7:17 PM,7:17 PM,8:40 PM,8:40 PM,,,,,,,
11,11,4:25 AM,4:30 AM,4:45 PM,7:17 PM,8:40 PM,4:45 PM,5:00 PM,7:17 PM,7:17 PM,8:40 PM,8:40 PM,,,,,,,
11,12,4:25 AM,4:30 AM,4:45 PM,7:17 PM,8:40 PM,4:45 PM,5:00 PM,7:17 PM,7:17 PM,8:40 PM,8:40 PM,,,,,,,
11,13,4:25 AM,4:30 AM,4:45 PM,7:17 PM,8:40 PM,4:45 PM,5:00 PM,7:17 PM,7:17 PM,8:40 PM,8:40 PM,,,,,,,
11,14,4:25 AM,4:30 AM,4:45 PM,7:17 PM,8:40 PM,4:45 PM,5:00 PM,7:17 PM,7:17 PM,8:40 PM,8:40 PM,,,,,,,
11,15,4:25 AM,4:30 AM,4:45 PM,7:17 PM,8:40 PM,4:45 PM,5:00 PM,7:17 PM,7:17 PM,8:40 PM,8:40 PM,,,,,,,
11,16,4:25 AM,4:30 AM,4:45 PM,7:17 PM,8:40 PM,4:45 PM,5:00 PM,7:17 PM,7:17 PM,8:40 PM,8:40 PM,,,,,,,
11,17,4:25 AM,4:30 AM,4:45 PM,7:17 PM,8:40 PM,4:45 PM,5:00 PM,7:17 PM,7:17 PM,8:40 PM,8:40 PM,,,,,,,
11,18,4:25 AM,4:30 AM,4:45 PM,7:17 PM,8:40 PM,4:45 PM,5:00 PM,7:17 PM,7:17 PM,8:40 PM,8:40 PM,,,,,,,
11,19,4:25 AM,4:30 AM,4:45 PM,7:17 PM,8:40 PM,4:45 PM,5:00 PM,7:17 PM,7:17 PM,8:40 PM,8:40 PM,,,,,,,
11,20,4:25 AM,4:30 AM,4:45 PM,7:17 PM,8:40 PM,4:45 PM,5:00 PM,7:17 PM,7:17 PM,8:40 PM,8:40 PM,,,,,,,
11,21,4:25 AM,4:30 AM,4:45 PM,7:17 PM,8:40 PM,4:45 PM,5:00 PM,7:17 PM,7:17 PM,8:40 PM,8:40 PM,,,,,,,
11,22,4:25 AM,4:30 AM,4:45 PM,7:17 PM,8:40 PM,4:45 PM,5:00 PM,7:17 PM,7:17 PM,8:40 PM,8:40 PM,,,,,,,
11,23,4:25 AM,4:30 AM,4:45 PM,7:17 PM,8:40 PM,4:45 PM,5:00 PM,7:17 PM,7:17 PM,8:40 PM,8:40 PM,,,,,,,
11,24,4:25 AM,4:30 AM,4:45 PM,7:17 PM,8:40 PM,4:45 PM,5:00 PM,7:17 PM,7:17 PM,8:40 PM,8:40 PM,,,,,,,
11,25,4:25 AM,4:30 AM,4:45 PM,7:17 PM,8:40 PM,4:45 PM,5:00 PM,7:17 PM,7:17 PM,8:40 PM,8:40 PM,,,,,,,
11,26,4:25 AM,4:30 AM,4:45 PM,7:17 PM,8:40 PM,4:45 PM,5:00 PM,7:17 PM,7:17 PM,8:40 PM,8:40 PM,,,,,,,
11,27,4:25 AM,4:30 AM,4:45 PM,7:17 PM,8:40 PM,4:45 PM,5:00 PM,7:17 PM,7:17 PM,8:40 PM,8:40 PM,,,,,,,
11,28,4:25 AM,4:30 AM,4:45 PM,7:17 PM,8:40 PM,4:45 PM,5:00 PM,7:17 PM,7:17 PM,8:40 PM,8:40 PM,,,,,,,
11,29,4:25 AM,4:30 AM,4:45 PM,7:17 PM,8:40 PM,4:45 PM,5:00 PM,7:17 PM,7:17 PM,8:40 PM,8:40 PM,,,,,,,
11,30,4:25 AM,4:30 AM,4:45 PM,7:17 PM,8:40 PM,4:45 PM,5:00 PM,7:17 PM,7:17 PM,8:40 PM,8:40 PM,,,,,,,
12,1,4:25 AM,4:30 AM,4:45 PM,7:17 PM,8:40 PM,4:45 PM,5:00 PM,7:17 PM,7:17 PM,8:40 PM,8:40 PM,,,,,,,
12,2,4:25 AM,4:30 AM,4:45 PM,7:17 PM,8:40 PM,4:45 PM,5:00 PM,7:17 PM,7:17 PM,8:40 PM,8:40 PM,,,,,,,
12,3,4:25 AM,4:30 AM,4:45 PM,7:17 PM,8:40 PM,4:45 PM,5:00 PM,7:17 PM,7:17 PM,8:40 PM,8:40 PM,,,,,,,
12,4,4:25 AM,4:30 AM,4:45 PM,7:17 PM,8:40 PM,4:45 PM,5:00 PM,7:17 PM,7:17 PM,8:40 PM,8:40 PM,,,,,,,
12,5,4:25 AM,4:30 AM,4:45 PM,7:17 PM,8:40 PM,4:45 PM,5:00 PM,7:17 PM,7:17 PM,8:40 PM,8:40 PM,,,,,,,
12,6,4:25 AM,4:30 AM,4:45 PM,7:17 PM,8:40 PM,4:45 PM,5:00 PM,7:17 PM,7:17 PM,8:40 PM,8:40 PM,,,,,,,
12,7,4:25 AM,4:30 AM,4:45 PM,7:17 PM,8:40 PM,4:45 PM,5:00 PM,7:17 PM,7:17 PM,8:40 PM,8:40 PM,,,,,,,
12,8,4:25 AM,4:30 AM,4:45 PM,7:17 PM,8:40 PM,4:45 PM,5:00 PM,7:17 PM,7:17 PM,8:40 PM,8:40 PM,,,,,,,
12,9,4:25 AM,4:30 AM,4:45 PM,7:17 PM,8:40 PM,4:45 PM,5:00 PM,7:17 PM,7:17 PM,8:40 PM,8:40 PM,,,,,,,
12,10,4:25 AM,4:30 AM,4:45 PM,7:17 PM,8:40 PM,4:45 PM,5:00 PM,7:17 PM,7:17 PM,8:40 PM,8:40 PM,,,,,,,
12,11,4:25 AM,4:30 AM,4:45 PM,7:17 PM,8:40 PM,4:45 PM,5:00 PM,7:17 PM,7:17 PM,8:40 PM,8:40 PM,,,,,,,
12,12,4:25 AM,4:30 AM,4:45 PM,7:17 PM,8:40 PM,4:45 PM,5:00 PM,7:17 PM,7:17 PM,8:40 PM,8:40 PM,,,,,,,
12,13,4:25 AM,4:30 AM,4:45 PM,7:17 PM,8:40 PM,4:45 PM,5:00 PM,7:17 PM,7:17 PM,8:40 PM,8:40 PM,,,,,,,
12,14,4:25 AM,4:30 AM,4:45 PM,7:17 PM,8:40 PM,4:45 PM,5:00 PM,7:17 PM,7:17 PM,8:40 PM,8:40 PM,,,,,,,
12,15,4:25 AM,4:30 AM,4:45 PM,7:17 PM,8:40 PM,4:45 PM,5:00 PM,7:17 PM,7:17 PM,8:40 PM,8:40 PM,,,,,,,
12,16,4:25 AM,4:30 AM,4:45 PM,7:17 PM,8:40 PM,4:45 PM,5:00 PM,7:17 PM,7:17 PM,8:40 PM,8:40 PM,,,,,,,
12,17,4:25 AM,4:30 AM,4:45 PM,7:17 PM,8:40 PM,4:45 PM,5:00 PM,7:17 PM,7:17 PM,8:40 PM,8:40 PM,,,,,,,
12,18,4:25 AM,4:30 AM,4:45 PM,7:17 PM,8:40 PM,4:45 PM,5:00 PM,7:17 PM,7:17 PM,8:40 PM,8:40 PM,,,,,,,
12,19,4:25 AM,4:30 AM,4:45 PM,7:17 PM,8:40 PM,4:45 PM,5:00 PM,7:17 PM,7:17 PM,8:40 PM,8:40 PM,,,,,,,
12,20,4:25 AM,4:30 AM,4:45 PM,7:17 PM,8:40 PM,4:45 PM,5:00 PM,7:17 PM,7:17 PM,8:40 PM,8:40 PM,,,,,,,
12,21,4:25 AM,4:30 AM,4:45 PM,7:17 PM,8:40 PM,4:45 PM,5:00 PM,7:17 PM,7:17 PM,8:40 PM,8:40 PM,,,,,,,
12,22,4:25 AM,4:30 AM,4:45 PM,7:17 PM,8:40 PM,4:45 PM,5:00 PM,7:17 PM,7:17 PM,8:40 PM,8:40 PM,,,,,,,
12,23,4:25 AM,4:30 AM,4:45 PM,7:17 PM,8:40 PM,4:45 PM,5:00 PM,7:17 PM,7:17 PM,8:40 PM,8:40 PM,,,,,,,
12,24,4:25 AM,4:30 AM,4:45 PM,7:17 PM,8:40 PM,4:45 PM,5:00 PM,7:17 PM,7:17 PM,8:40 PM,8:40 PM,,,,,,,
12,25,4:25 AM,4:30 AM,4:45 PM,7:17 PM,8:40 PM,4:45 PM,5:00 PM,7:17 PM,7:17 PM,8:40 PM,8:40 PM,,,,,,,
12,26,4:25 AM,4:30 AM,4:45 PM,7:17 PM,8:40 PM,4:45 PM,5:00 PM,7:17 PM,7:17 PM,8:40 PM,8:40 PM,,,,,,,
12,27,4:25 AM,4:30 AM,4:45 PM,7:17 PM,8:40 PM,4:45 PM,5:00 PM,7:17 PM,7:17 PM,8:40 PM,8:40 PM,,,,,,,
12,28,4:25 AM,4:30 AM,4:45 PM,7:17 PM,8:40 PM,4:45 PM,5:00 PM,7:17 PM,7:17 PM,8:40 PM,8:40 PM,,,,,,,
12,29,4:25 AM,4:30 AM,4:45 PM,7:17 PM,8:40 PM,4:45 PM,5:00 PM,7:17 PM,7:17 PM,8:40 PM,8:40 PM,,,,,,,
12,30,4:25 AM,4:30 AM,4:45 PM,7:17 PM,8:40 PM,4:45 PM,5:00 PM,7:17 PM,7:17 PM,8:40 PM,8:40 PM,,,,,,,
12,31,4:25 AM,4:30 AM,4:45 PM,7:17 PM,8:40 PM,4:45 PM,5:00 PM,7:17 PM,7:17 PM,8:40 PM,8:40 PM,,,,,,,